[{"pos_x": 105.885, "pos_y": 62.07, "rotation": 90.0, "side": "top", "designator": "C1", "mpn": "Capacitor (Axial C410)", "pack": "Capacitor (Axial 6.5m)", "value": "1uF", "mount_type": "tht"}, {"pos_x": 60.165, "pos_y": 62.07, "rotation": 90.0, "side": "top", "designator": "C2", "mpn": "Capacitor (Axial C410)", "pack": "Capacitor (Axial 6.5m)", "value": "1uF", "mount_type": "tht"}, {"pos_x": 26.827, "pos_y": 16.985, "rotation": 270.0, "side": "top", "designator": "C3", "mpn": "Capacitor (Axial C410)", "pack": "Capacitor (Axial 6.5m)", "value": "1uF", "mount_type": "tht"}, {"pos_x": 111.283, "pos_y": 79.532, "rotation": 90.0, "side": "top", "designator": "C4", "mpn": "Capacitor (Axial C410)", "pack": "Capacitor (Axial 6.5m)", "value": "10nF", "mount_type": "tht"}, {"pos_x": 106.202, "pos_y": 79.532, "rotation": 90.0, "side": "top", "designator": "C5", "mpn": "Capacitor (Axial C410)", "pack": "Capacitor (Axial 6.5m)", "value": "10nF", "mount_type": "tht"}, {"pos_x": 101.122, "pos_y": 79.532, "rotation": 90.0, "side": "top", "designator": "C6", "mpn": "Capacitor (Axial C410)", "pack": "Capacitor (Axial 6.5m)", "value": "10nF", "mount_type": "tht"}, {"pos_x": 96.043, "pos_y": 79.532, "rotation": 90.0, "side": "top", "designator": "C7", "mpn": "Capacitor (Axial C410)", "pack": "Capacitor (Axial 6.5m)", "value": "10nF", "mount_type": "tht"}, {"pos_x": 90.327, "pos_y": 79.532, "rotation": 90.0, "side": "top", "designator": "C8", "mpn": "Capacitor (Axial C410)", "pack": "Capacitor (Axial 6.5m)", "value": "10nF", "mount_type": "tht"}, {"pos_x": 85.247, "pos_y": 79.532, "rotation": 90.0, "side": "top", "designator": "C9", "mpn": "Capacitor (Axial C410)", "pack": "Capacitor (Axial 6.5m)", "value": "10nF", "mount_type": "tht"}, {"pos_x": 80.168, "pos_y": 79.532, "rotation": 90.0, "side": "top", "designator": "C10", "mpn": "Capacitor (Axial C410)", "pack": "Capacitor (Axial 6.5m)", "value": "10nF", "mount_type": "tht"}, {"pos_x": 75.087, "pos_y": 79.532, "rotation": 90.0, "side": "top", "designator": "C11", "mpn": "Capacitor (Axial C410)", "pack": "Capacitor (Axial 6.5m)", "value": "10nF", "mount_type": "tht"}, {"pos_x": 59.212, "pos_y": 79.532, "rotation": 90.0, "side": "top", "designator": "C12", "mpn": "Capacitor (Axial C410)", "pack": "Capacitor (Axial 6.5m)", "value": "10nF", "mount_type": "tht"}, {"pos_x": 54.132, "pos_y": 79.532, "rotation": 90.0, "side": "top", "designator": "C13", "mpn": "Capacitor (Axial C410)", "pack": "Capacitor (Axial 6.5m)", "value": "10nF", "mount_type": "tht"}, {"pos_x": 49.053, "pos_y": 79.532, "rotation": 90.0, "side": "top", "designator": "C14", "mpn": "Capacitor (Axial C410)", "pack": "Capacitor (Axial 6.5m)", "value": "10nF", "mount_type": "tht"}, {"pos_x": 43.972, "pos_y": 79.532, "rotation": 90.0, "side": "top", "designator": "C15", "mpn": "Capacitor (Axial C410)", "pack": "Capacitor (Axial 6.5m)", "value": "10nF", "mount_type": "tht"}, {"pos_x": 38.257, "pos_y": 79.532, "rotation": 90.0, "side": "top", "designator": "C16", "mpn": "Capacitor (Axial C410)", "pack": "Capacitor (Axial 6.5m)", "value": "10nF", "mount_type": "tht"}, {"pos_x": 33.178, "pos_y": 79.532, "rotation": 90.0, "side": "top", "designator": "C17", "mpn": "Capacitor (Axial C410)", "pack": "Capacitor (Axial 6.5m)", "value": "10nF", "mount_type": "tht"}, {"pos_x": 28.097, "pos_y": 79.532, "rotation": 90.0, "side": "top", "designator": "C18", "mpn": "Capacitor (Axial C410)", "pack": "Capacitor (Axial 6.5m)", "value": "10nF", "mount_type": "tht"}, {"pos_x": 67.467, "pos_y": 17.62, "rotation": 180.0, "side": "bottom", "designator": "D1", "mpn": "Yellow LED", "pack": "LED Through", "value": "", "mount_type": "tht"}, {"pos_x": 116.045, "pos_y": 49.688, "rotation": 90.0, "side": "bottom", "designator": "DA1", "mpn": "Green LED", "pack": "LED Through", "value": "", "mount_type": "tht"}, {"pos_x": 105.885, "pos_y": 49.688, "rotation": 90.0, "side": "bottom", "designator": "DA2", "mpn": "Green LED", "pack": "LED Through", "value": "", "mount_type": "tht"}, {"pos_x": 95.725, "pos_y": 49.688, "rotation": 90.0, "side": "bottom", "designator": "DA3", "mpn": "Green LED", "pack": "LED Through", "value": "", "mount_type": "tht"}, {"pos_x": 110.965, "pos_y": 42.703, "rotation": 90.0, "side": "bottom", "designator": "DA4", "mpn": "Green LED", "pack": "LED Through", "value": "", "mount_type": "tht"}, {"pos_x": 100.805, "pos_y": 42.703, "rotation": 90.0, "side": "bottom", "designator": "DA5", "mpn": "Green LED", "pack": "LED Through", "value": "", "mount_type": "tht"}, {"pos_x": 77.627, "pos_y": 49.688, "rotation": 90.0, "side": "bottom", "designator": "DB1", "mpn": "Green LED", "pack": "LED Through", "value": "", "mount_type": "tht"}, {"pos_x": 67.467, "pos_y": 49.688, "rotation": 90.0, "side": "bottom", "designator": "DB2", "mpn": "Green LED", "pack": "LED Through", "value": "", "mount_type": "tht"}, {"pos_x": 57.307, "pos_y": 49.688, "rotation": 90.0, "side": "bottom", "designator": "DB3", "mpn": "Green LED", "pack": "LED Through", "value": "", "mount_type": "tht"}, {"pos_x": 72.547, "pos_y": 42.703, "rotation": 90.0, "side": "bottom", "designator": "DB4", "mpn": "Green LED", "pack": "LED Through", "value": "", "mount_type": "tht"}, {"pos_x": 62.387, "pos_y": 42.703, "rotation": 90.0, "side": "bottom", "designator": "DB5", "mpn": "Green LED", "pack": "LED Through", "value": "", "mount_type": "tht"}, {"pos_x": 39.21, "pos_y": 49.688, "rotation": 90.0, "side": "bottom", "designator": "DC1", "mpn": "Green LED", "pack": "LED Through", "value": "", "mount_type": "tht"}, {"pos_x": 29.05, "pos_y": 49.688, "rotation": 90.0, "side": "bottom", "designator": "DC2", "mpn": "Green LED", "pack": "LED Through", "value": "", "mount_type": "tht"}, {"pos_x": 18.89, "pos_y": 49.688, "rotation": 90.0, "side": "bottom", "designator": "DC3", "mpn": "Green LED", "pack": "LED Through", "value": "", "mount_type": "tht"}, {"pos_x": 34.13, "pos_y": 42.703, "rotation": 90.0, "side": "bottom", "designator": "DC4", "mpn": "Green LED", "pack": "LED Through", "value": "", "mount_type": "tht"}, {"pos_x": 23.97, "pos_y": 42.703, "rotation": 90.0, "side": "bottom", "designator": "DC5", "mpn": "Green LED", "pack": "LED Through", "value": "", "mount_type": "tht"}, {"pos_x": 92.867, "pos_y": 85.882, "rotation": 270.0, "side": "top", "designator": "RA1", "mpn": "Resistor Array (8 SIP)", "pack": "33 8 Array", "value": "33", "mount_type": "tht"}, {"pos_x": 113.822, "pos_y": 85.882, "rotation": 270.0, "side": "top", "designator": "RA2", "mpn": "Resistor Array (8 SIP)", "pack": "33 8 Array", "value": "33", "mount_type": "tht"}, {"pos_x": 40.798, "pos_y": 85.882, "rotation": 270.0, "side": "top", "designator": "RA3", "mpn": "Resistor Array (8 SIP)", "pack": "33 8 Array", "value": "33", "mount_type": "tht"}, {"pos_x": 61.752, "pos_y": 85.882, "rotation": 270.0, "side": "top", "designator": "RA4", "mpn": "Resistor Array (8 SIP)", "pack": "33 8 Array", "value": "33", "mount_type": "tht"}, {"pos_x": 70.643, "pos_y": 64.928, "rotation": 180.0, "side": "top", "designator": "RB1", "mpn": "Resistor Bus (10 SIP)", "pack": "1k 10 Array", "value": "10k", "mount_type": "tht"}, {"pos_x": 64.928, "pos_y": 64.928, "rotation": 180.0, "side": "top", "designator": "RB2", "mpn": "Resistor Bus (10 SIP)", "pack": "1k 10 Array", "value": "10k", "mount_type": "tht"}, {"pos_x": 116.045, "pos_y": 30.32, "rotation": 270.0, "side": "top", "designator": "RB3", "mpn": "Resistor Bus (10 SIP)", "pack": "1k 10 Array", "value": "150", "mount_type": "tht"}, {"pos_x": 40.48, "pos_y": 32.225, "rotation": 270.0, "side": "top", "designator": "RB4", "mpn": "Resistor Bus (10 SIP)", "pack": "1k 10 Array", "value": "150", "mount_type": "tht"}, {"pos_x": 77.628, "pos_y": 58.26, "rotation": 270.0, "side": "top", "designator": "U1", "mpn": "Octal D-Latch", "pack": "DIP254P762X508-20", "value": "", "mount_type": "tht"}, {"pos_x": 30.955, "pos_y": 58.26, "rotation": 270.0, "side": "top", "designator": "U2", "mpn": "Octal D-Latch", "pack": "DIP254P762X508-20", "value": "", "mount_type": "tht"}, {"pos_x": 67.15, "pos_y": 28.415, "rotation": 90.0, "side": "top", "designator": "U3", "mpn": "OR (4-in X 2)", "pack": "DIP-14", "value": "OR", "mount_type": "tht"}, {"pos_x": 12.54, "pos_y": 83.66, "rotation": 270.0, "side": "top", "designator": "U4", "mpn": "USB A", "pack": "USB A", "value": "", "mount_type": "tht"}, {"pos_x": 85.247, "pos_y": 35.717, "rotation": 180.0, "side": "top", "designator": "U5", "mpn": "OR (4-in X 2)", "pack": "DIP-14", "value": "OR", "mount_type": "tht"}, {"pos_x": 47.465, "pos_y": 35.717, "rotation": 180.0, "side": "top", "designator": "U6", "mpn": "OR (4-in X 2)", "pack": "DIP-14", "value": "OR", "mount_type": "tht"}, {"pos_x": 6.19, "pos_y": 64.927, "rotation": 270.0, "side": "top", "designator": "U7", "mpn": "RJ11", "pack": "RJ11", "value": "", "mount_type": "tht"}, {"pos_x": 41.115, "pos_y": 16.985, "rotation": 90.0, "side": "top", "designator": "U8", "mpn": "Inverter (1-in X 6)", "pack": "DIP-14", "value": "NOT", "mount_type": "tht"}, {"pos_x": 103.345, "pos_y": 94.67, "rotation": 180.0, "side": "top", "designator": "UA1", "mpn": "RJ45", "pack": "RJ45", "value": "", "mount_type": "tht"}, {"pos_x": 69.372, "pos_y": 94.67, "rotation": 180.0, "side": "top", "designator": "UB1", "mpn": "RJ45", "pack": "RJ45", "value": "", "mount_type": "tht"}, {"pos_x": 35.4, "pos_y": 94.67, "rotation": 180.0, "side": "top", "designator": "UC1", "mpn": "RJ45", "pack": "RJ45", "value": "", "mount_type": "tht"}]