[{"pos_x": 42.385, "pos_y": 21.271, "rotation": 0.0, "side": "top", "designator": "U0", "mpn": "RJ45", "pack": "RJ45", "value": "", "mount_type": "tht"}, {"pos_x": 59.53, "pos_y": 48.1, "rotation": 180.0, "side": "top", "designator": "U1", "mpn": "RJ11", "pack": "RJ11", "value": "", "mount_type": "tht"}, {"pos_x": 44.29, "pos_y": 48.1, "rotation": 180.0, "side": "top", "designator": "U2", "mpn": "RJ11", "pack": "RJ11", "value": "", "mount_type": "tht"}, {"pos_x": 29.05, "pos_y": 48.1, "rotation": 180.0, "side": "top", "designator": "U3", "mpn": "RJ11", "pack": "RJ11", "value": "", "mount_type": "tht"}, {"pos_x": 82.39, "pos_y": 20.16, "rotation": 90.0, "side": "top", "designator": "U4", "mpn": "RJ11", "pack": "RJ11", "value": "", "mount_type": "tht"}, {"pos_x": 6.19, "pos_y": 20.16, "rotation": 270.0, "side": "top", "designator": "U5", "mpn": "RJ11", "pack": "RJ11", "value": "", "mount_type": "tht"}]